Component,Explained variance ratio
PC1,0.01124321208703746
PC2,0.01092942180647407
